ticker,fiscal_years
RELIANCE,4
TCS,4
INFY,4
HCLTECH,4
WIPRO,4
TECHM,4
ITC,4
HINDUNILVR,4
NESTLEIND,3
BRITANNIA,4
ASIANPAINT,4
TITAN,4
MARUTI,4
M&M,4
BAJAJ-AUTO,4
HEROMOTOCO,4
EICHERMOT,4
TVSMOTOR,4
ASHOKLEY,4
LT,4
ULTRACEMCO,4
GRASIM,4
SHREECEM,4
AMBUJACEM,4
JSWSTEEL,4
TATASTEEL,4
HINDALCO,4
VEDL,4
HINDZINC,4
SAIL,4
NMDC,4
COALINDIA,4
NTPC,4
POWERGRID,4
TATAPOWER,4
JSWENERGY,4
ADANIGREEN,4
ONGC,4
BPCL,4
IOC,4
GAIL,4
SUNPHARMA,4
DRREDDY,4
CIPLA,4
DIVISLAB,4
LUPIN,4
APOLLOHOSP,4
BHARTIARTL,4
ADANIPORTS,4
ADANIENT,4
DABUR,4
MARICO,4
GODREJCP,4
COLPAL,4
PIDILITIND,4
HAVELLS,4
VOLTAS,4
BERGEPAINT,4
SIEMENS,4
ABB,4
BEL,4
HAL,4
BOSCHLTD,4
MRF,4
TRENT,4
DMART,4
PAGEIND,4
TATACONSUM,4
UPL,4
SRF,4
DLF,4
GODREJPROP,4
IRCTC,4
CONCOR,4
INDIGO,4
JUBLFOOD,4
MPHASIS,4
PERSISTENT,4
COFORGE,4
BALKRISIND,4
CUMMINSIND,4
NCC,4
IRB,4
NBCC,4
KEC,4
PATELENG,4
SUZLON,4
ALOKINDS,4
CGPOWER,4
JINDALPOLY,4
AVANTIFEED,4
GOKEX,4
CORDSCABLE,4
ZEELEARN,4
WINSOME,4
DIGJAMLMTD,4
COFFEEDAY,4
GTLINFRA,4
RPOWER,4
RELINFRA,4
RCOM,4
GAYAPROJ,4
UNITECH,4
SIMPLEXINF,4
EDUCOMP,4
JETAIRWAYS,2
MTNL,4
HDIL,4
ESSARSHPNG,4
SUPREMEINF,4
GVKPIL,4
EROSMEDIA,4
CCCL,4
DHFL,0
RELCAPITAL,0
YESBANK,4
ILFSTRANS,0
ILFSENGG,0
SREINFRA,0
JPASSOCIAT,0
FRETAIL,0
