ticker,segment
RELIANCE,large_cap
TCS,large_cap
INFY,large_cap
HCLTECH,large_cap
WIPRO,large_cap
TECHM,large_cap
ITC,large_cap
HINDUNILVR,large_cap
NESTLEIND,large_cap
BRITANNIA,large_cap
ASIANPAINT,large_cap
TITAN,large_cap
MARUTI,large_cap
M&M,large_cap
BAJAJ-AUTO,large_cap
HEROMOTOCO,large_cap
EICHERMOT,large_cap
TVSMOTOR,large_cap
ASHOKLEY,large_cap
LT,large_cap
ULTRACEMCO,large_cap
GRASIM,large_cap
SHREECEM,large_cap
AMBUJACEM,large_cap
JSWSTEEL,large_cap
TATASTEEL,large_cap
HINDALCO,large_cap
VEDL,large_cap
HINDZINC,large_cap
SAIL,large_cap
NMDC,large_cap
COALINDIA,large_cap
NTPC,large_cap
POWERGRID,large_cap
TATAPOWER,large_cap
JSWENERGY,large_cap
ADANIGREEN,large_cap
ONGC,large_cap
BPCL,large_cap
IOC,large_cap
GAIL,large_cap
SUNPHARMA,large_cap
DRREDDY,large_cap
CIPLA,large_cap
DIVISLAB,large_cap
LUPIN,large_cap
APOLLOHOSP,large_cap
BHARTIARTL,large_cap
ADANIPORTS,large_cap
ADANIENT,large_cap
DABUR,large_cap
MARICO,large_cap
GODREJCP,large_cap
COLPAL,large_cap
PIDILITIND,large_cap
HAVELLS,large_cap
VOLTAS,large_cap
BERGEPAINT,large_cap
SIEMENS,large_cap
ABB,large_cap
BEL,large_cap
HAL,large_cap
BOSCHLTD,large_cap
MRF,large_cap
TRENT,large_cap
DMART,large_cap
PAGEIND,large_cap
TATACONSUM,large_cap
UPL,large_cap
SRF,large_cap
DLF,large_cap
GODREJPROP,large_cap
IRCTC,large_cap
CONCOR,large_cap
INDIGO,large_cap
JUBLFOOD,large_cap
MPHASIS,large_cap
PERSISTENT,large_cap
COFORGE,large_cap
BALKRISIND,large_cap
CUMMINSIND,large_cap
NCC,mid_small_cap
IRB,mid_small_cap
NBCC,mid_small_cap
KEC,mid_small_cap
PATELENG,mid_small_cap
SUZLON,mid_small_cap
ALOKINDS,mid_small_cap
CGPOWER,mid_small_cap
JINDALPOLY,mid_small_cap
AVANTIFEED,mid_small_cap
GOKEX,mid_small_cap
CORDSCABLE,mid_small_cap
ZEELEARN,mid_small_cap
WINSOME,mid_small_cap
DIGJAMLMTD,mid_small_cap
COFFEEDAY,distressed
GTLINFRA,distressed
RPOWER,distressed
RELINFRA,distressed
RCOM,distressed
GAYAPROJ,distressed
UNITECH,distressed
SIMPLEXINF,distressed
EDUCOMP,distressed
JETAIRWAYS,distressed
MTNL,distressed
HDIL,distressed
ESSARSHPNG,distressed
SUPREMEINF,distressed
GVKPIL,distressed
EROSMEDIA,distressed
CCCL,distressed
DHFL,distressed
RELCAPITAL,distressed
YESBANK,distressed
ILFSTRANS,distressed
ILFSENGG,distressed
SREINFRA,distressed
JPASSOCIAT,distressed
FRETAIL,distressed
